name,shape,social_facebook,website
All Souls College,"POLYGON ((-1.2529353 51.7538886 0,-1.2528694 51.7538885 0,-1.2528258 51.7537859 0,-1.2527521 51.7536154 0,-1.252715 51.7535254 0,-1.2527064 51.7535135 0,-1.2525681 51.7535162 0,-1.2524982 51.753518 0,-1.2523614 51.75352 0,-1.2523593 51.7535043 0,-1.2523414 51.7533709 0,-1.2521985 51.7533827 0,-1.2521373 51.7533848 0,-1.2521184 51.7533143 0,-1.252077 51.7531734 0,-1.2520666 51.7531357 0,-1.252037 51.7529708 0,-1.2520161 51.7528546 0,-1.2520973 51.7528507 0,-1.2521872 51.7528464 0,-1.2521849 51.7528312 0,-1.2524326 51.7528188 0,-1.2525016 51.7528154 0,-1.2525766 51.752811 0,-1.2527656 51.7527973 0,-1.2528156 51.7527884 0,-1.2530169 51.7527521 0,-1.2531027 51.7527378 0,-1.25327 51.7527114 0,-1.2532892 51.7527476 0,-1.2532985 51.7527651 0,-1.253372 51.7529037 0,-1.253444 51.7530393 0,-1.2534491 51.7530503 0,-1.2534583 51.7530751 0,-1.2535291 51.7532501 0,-1.2536676 51.7535461 0,-1.253685 51.753584 0,-1.2537109 51.7536422 0,-1.2537753 51.7537922 0,-1.253697 51.7538052 0,-1.2533986 51.7538579 0,-1.2532349 51.7538872 0,-1.2529809 51.7539068 0,-1.2529788 51.7538887 0,-1.2529353 51.7538886 0))",https://www.facebook.com/pages/All-Souls-College-Oxford/108582172500121?fref=ts,http://www.asc.ox.ac.uk/
Balliol College,"POLYGON ((-1.2584285 51.7555201 0,-1.2584429 51.7555677 0,-1.2584652 51.7556096 0,-1.2589203 51.7555524 0,-1.2589 51.7554723 0,-1.2588701 51.7553453 0,-1.2588663 51.7553308 0,-1.2588451 51.7552395 0,-1.258815 51.7551911 0,-1.2587618 51.7551053 0,-1.2587087 51.7550198 0,-1.2586597 51.7549409 0,-1.2585349 51.7547312 0,-1.2585045 51.7546118 0,-1.2584716 51.7544919 0,-1.2584174 51.754241 0,-1.2583985 51.7542375 0,-1.2572921 51.7543963 0,-1.2571998 51.7544142 0,-1.2571726 51.7544185 0,-1.2568936 51.7544739 0,-1.2570789 51.7548476 0,-1.2570646 51.7548597 0,-1.2571227 51.7549732 0,-1.2573114 51.7549588 0,-1.2574361 51.7551301 0,-1.2574683 51.7551218 0,-1.2574953 51.7551617 0,-1.2575783 51.7552419 0,-1.2575963 51.7552699 0,-1.257653 51.7552536 0,-1.2577026 51.75532 0,-1.2577185 51.7553412 0,-1.2577797 51.7553475 0,-1.2578035 51.7554224 0,-1.2577749 51.7554725 0,-1.2578538 51.7555848 0,-1.2579049 51.7556476 0,-1.2583621 51.7555287 0,-1.2584285 51.7555201 0))",NA,http://www.balliol.ox.ac.uk/
Brasenose College,"POLYGON ((-1.2553351 51.7528543 0,-1.255317 51.7529463 0,-1.2552846 51.7529918 0,-1.2551002 51.7530007 0,-1.255111 51.7530413 0,-1.2550799 51.753045 0,-1.2550938 51.7530474 0,-1.2551093 51.7530545 0,-1.2551193 51.7530626 0,-1.255125 51.7530739 0,-1.2551267 51.7530857 0,-1.2551211 51.753096 0,-1.2551121 51.7531039 0,-1.255102 51.7531099 0,-1.2550908 51.7531128 0,-1.255112 51.7532054 0,-1.2551195 51.7532414 0,-1.2551342 51.7533123 0,-1.2551571 51.7534046 0,-1.2551605 51.7534184 0,-1.2551744 51.7534779 0,-1.2548598 51.7535049 0,-1.2546243 51.7535251 0,-1.2544756 51.7535378 0,-1.2544013 51.7533945 0,-1.2543642 51.7533224 0,-1.2543567 51.7533068 0,-1.2543054 51.7531882 0,-1.2542876 51.7531314 0,-1.2542294 51.7529851 0,-1.2542259 51.7529219 0,-1.2542063 51.7528426 0,-1.2541903 51.7527873 0,-1.254179 51.752734 0,-1.2541636 51.752661 0,-1.2541383 51.7525415 0,-1.2544907 51.7524914 0,-1.2549458 51.7524267 0,-1.2550889 51.7524064 0,-1.2553036 51.752376 0,-1.2553538 51.7525261 0,-1.2553129 51.7525345 0,-1.2553248 51.752571 0,-1.2553405 51.7526012 0,-1.2553402 51.7526438 0,-1.2553399 51.7526829 0,-1.2553391 51.752784 0,-1.2553356 51.7528455 0,-1.2553351 51.7528543 0))",https://www.facebook.com/pages/Brasenose-College/110706878471?fref=ts,http://www.bnc.ox.ac.uk/
Christ Church,"POLYGON ((-1.2546005 51.7516519 0,-1.2545148 51.7516484 0,-1.2544338 51.7515923 0,-1.2543196 51.7515715 0,-1.2542181 51.7513037 0,-1.2541713 51.7511123 0,-1.2541683 51.7510989 0,-1.2541628 51.7510765 0,-1.2541573 51.7510428 0,-1.2541391 51.7509716 0,-1.2541652 51.7509693 0,-1.254141 51.750864 0,-1.2541314 51.7506671 0,-1.2541721 51.7506696 0,-1.254145 51.750554 0,-1.2541323 51.750465 0,-1.2541227 51.750389 0,-1.2541402 51.7501972 0,-1.2541822 51.7501953 0,-1.2541797 51.7500551 0,-1.2540901 51.7500492 0,-1.2540543 51.7500486 0,-1.2540179 51.7500485 0,-1.2540153 51.7500722 0,-1.2539849 51.7500693 0,-1.2539488 51.7500714 0,-1.2539142 51.7500913 0,-1.253916 51.7501084 0,-1.2539163 51.7501259 0,-1.2539214 51.7501527 0,-1.2539174 51.7501726 0,-1.2537986 51.7501829 0,-1.2537662 51.750186 0,-1.2537614 51.7501869 0,-1.2537598 51.7501827 0,-1.2530008 51.7502878 0,-1.2529348 51.7500421 0,-1.252926 51.7498887 0,-1.2529202 51.749789 0,-1.2529331 51.749458 0,-1.2535546 51.7494662 0,-1.2536707 51.7494863 0,-1.2537956 51.7495086 0,-1.253785 51.7494285 0,-1.2543786 51.7493984 0,-1.2544774 51.7493926 0,-1.2544944 51.7493925 0,-1.2552372 51.7493547 0,-1.2552293 51.7492901 0,-1.2555562 51.7492716 0,-1.2556418 51.7492342 0,-1.2555959 51.7492109 0,-1.2565729 51.7491703 0,-1.2566473 51.7495388 0,-1.2567052 51.7496893 0,-1.2567217 51.7497872 0,-1.2567003 51.7501284 0,-1.2567134 51.7502067 0,-1.2567164 51.7502245 0,-1.2567371 51.7503248 0,-1.2568058 51.7505535 0,-1.2568324 51.7505691 0,-1.2568659 51.7506858 0,-1.256891 51.7507328 0,-1.2570324 51.7509977 0,-1.2569848 51.7510084 0,-1.2569614 51.7510057 0,-1.256953 51.7509889 0,-1.2568833 51.7510038 0,-1.2568913 51.7510237 0,-1.2568296 51.7510354 0,-1.2566955 51.7510503 0,-1.2567492 51.7511068 0,-1.2567602 51.7511341 0,-1.2568082 51.7512529 0,-1.2567586 51.7512538 0,-1.2566567 51.7512576 0,-1.2561447 51.7513248 0,-1.2557999 51.7514187 0,-1.2558028 51.7514476 0,-1.2556253 51.751482 0,-1.2555836 51.7514845 0,-1.2554887 51.7514903 0,-1.2554977 51.7515272 0,-1.2555075 51.7515673 0,-1.2549424 51.75162 0,-1.2546005 51.7516519 0))",https://www.facebook.com/chchoxford,http://www.chch.ox.ac.uk/
Corpus Christi College,"MULTIPOLYGON (((-1.2532213 51.7518777 0,-1.2531249 51.7518942 0,-1.2530651 51.7517618 0,-1.2530323 51.7517669 0,-1.2529917 51.7516774 0,-1.2527262 51.751727 0,-1.2525261 51.7517523 0,-1.252513 51.7518009 0,-1.2524889 51.7517298 0,-1.2524748 51.7517211 0,-1.2524553 51.7517224 0,-1.2524119 51.7516415 0,-1.2523759 51.7514573 0,-1.25237 51.7514435 0,-1.252364 51.7514297 0,-1.2523418 51.7513779 0,-1.2524924 51.7513531 0,-1.2529087 51.7512804 0,-1.2529736 51.7513851 0,-1.2530832 51.7515855 0,-1.2531234 51.7516705 0,-1.2532213 51.7518777 0)),((-1.254141 51.750864 0,-1.2541314 51.7506671 0,-1.2541721 51.7506696 0,-1.254145 51.750554 0,-1.2541323 51.750465 0,-1.2541227 51.750389 0,-1.2541402 51.7501972 0,-1.2541822 51.7501953 0,-1.2541797 51.7500551 0,-1.2540901 51.7500492 0,-1.2540543 51.7500486 0,-1.2540178 51.7500486 0,-1.2540153 51.7500722 0,-1.2539849 51.7500693 0,-1.2539488 51.7500714 0,-1.2539142 51.7500913 0,-1.253916 51.7501084 0,-1.2539163 51.7501259 0,-1.2539214 51.7501527 0,-1.2539174 51.7501726 0,-1.2537994 51.7501833 0,-1.2537653 51.7501878 0,-1.2530008 51.7502878 0,-1.2530515 51.7504697 0,-1.2530533 51.7507269 0,-1.253044 51.7509375 0,-1.2530434 51.7510055 0,-1.2530973 51.7511461 0,-1.2532779 51.7511072 0,-1.2533229 51.7511008 0,-1.2533741 51.7510831 0,-1.2534161 51.7510823 0,-1.2534193 51.7510908 0,-1.2535505 51.7510895 0,-1.25362 51.7510883 0,-1.2536775 51.7510891 0,-1.2537172 51.751088 0,-1.2537564 51.7510869 0,-1.2538223 51.7510864 0,-1.254023 51.7510823 0,-1.2541628 51.7510765 0,-1.2541573 51.7510428 0,-1.2541391 51.7509716 0,-1.2541652 51.7509693 0,-1.254141 51.750864 0)))",https://www.facebook.com/corpuschristi.collegeoxford?fref=ts,http://www.ccc.ox.ac.uk/
Exeter College,"MULTIPOLYGON (((-1.2553241 51.7541752 0,-1.2552917 51.7540622 0,-1.2552587 51.7539763 0,-1.2551926 51.7538042 0,-1.2550417 51.7538264 0,-1.2550697 51.7539018 0,-1.254725 51.7539527 0,-1.2546932 51.75387 0,-1.2545985 51.7538839 0,-1.2545932 51.7538702 0,-1.2545646 51.7537956 0,-1.2545025 51.7536275 0,-1.2552004 51.7535509 0,-1.2554736 51.7535262 0,-1.2555881 51.753505 0,-1.2559209 51.7534489 0,-1.2561878 51.7534083 0,-1.2562156 51.7534787 0,-1.2562511 51.7535732 0,-1.2562771 51.7536232 0,-1.2562817 51.7536333 0,-1.2563044 51.7536867 0,-1.2563456 51.7537825 0,-1.256415 51.7539252 0,-1.2564413 51.7539761 0,-1.2564823 51.7540555 0,-1.2565602 51.7542064 0,-1.256464 51.7542283 0,-1.2562541 51.7542622 0,-1.2560784 51.75429 0,-1.2559408 51.7543106 0,-1.2558717 51.7543212 0,-1.2556222 51.7543511 0,-1.2556068 51.7543073 0,-1.2556018 51.7542903 0,-1.2555884 51.7542441 0,-1.2555821 51.7542206 0,-1.2555495 51.7541413 0,-1.2553241 51.7541752 0)),((-1.2566717 51.754157 0,-1.256784 51.7541386 0,-1.2567701 51.754106 0,-1.2568247 51.7540971 0,-1.2568182 51.7540816 0,-1.2566473 51.7541127 0,-1.2566717 51.754157 0)))",NA,http://www.exeter.ox.ac.uk/
Green Templeton College,"POLYGON ((-1.2630228 51.7617732 0,-1.2627545 51.7617353 0,-1.2624964 51.761357 0,-1.2623025 51.761072 0,-1.2622049 51.7609375 0,-1.2623127 51.760922 0,-1.2624811 51.7609183 0,-1.2633638 51.760642 0,-1.2634781 51.7605682 0,-1.2637868 51.7605746 0,-1.2642348 51.76062 0,-1.2643872 51.7607369 0,-1.2644907 51.7608194 0,-1.2645986 51.7609386 0,-1.2646405 51.7609872 0,-1.2645944 51.7610015 0,-1.2646431 51.7610617 0,-1.2646944 51.7610389 0,-1.2647078 51.7610526 0,-1.2642364 51.761252 0,-1.2634408 51.7615891 0,-1.2632352 51.761692 0,-1.2630228 51.7617732 0))",https://www.facebook.com/136041343108222,http://www.gtc.ox.ac.uk/
Harris Manchester College,"POLYGON ((-1.2518566 51.7560851 0,-1.2528673 51.7561452 0,-1.2529153 51.7561611 0,-1.2530192 51.7561696 0,-1.2530009 51.7561353 0,-1.2529055 51.7559513 0,-1.2528453 51.755835 0,-1.2527824 51.7557166 0,-1.2526467 51.7554528 0,-1.2526337 51.7554315 0,-1.2526255 51.7554181 0,-1.2526072 51.7553836 0,-1.2525997 51.7553186 0,-1.252563 51.755243 0,-1.2525579 51.7552219 0,-1.2525541 51.755206 0,-1.2525456 51.755093 0,-1.2524753 51.7550774 0,-1.25245 51.7550702 0,-1.2523558 51.7550679 0,-1.2523309 51.7550655 0,-1.2521836 51.7550628 0,-1.2520304 51.7550595 0,-1.2518982 51.7550564 0,-1.2518105 51.7550523 0,-1.2518014 51.7551462 0,-1.2518121 51.7551469 0,-1.2518125 51.7553197 0,-1.251813 51.7555362 0,-1.2518177 51.755666 0,-1.2518134 51.7556785 0,-1.2518149 51.7557289 0,-1.2518307 51.7560311 0,-1.2518566 51.7560851 0))",https://www.facebook.com/pages/Harris-Manchester-College-Oxford/103799396325713,http://www.hmc.ox.ac.uk/
Hertford College,"POLYGON ((-1.2531564 51.7541042 0,-1.2531563 51.7541277 0,-1.253159 51.7542283 0,-1.2531587 51.7543108 0,-1.2531587 51.7544271 0,-1.2534145 51.7544364 0,-1.2537156 51.7544473 0,-1.2537419 51.7544483 0,-1.2537573 51.7545253 0,-1.2536644 51.7545226 0,-1.2536545 51.7545223 0,-1.2536508 51.7546777 0,-1.2536375 51.7546907 0,-1.2531746 51.7546831 0,-1.2530993 51.7546702 0,-1.2530908 51.7547145 0,-1.2530179 51.7547077 0,-1.2529937 51.7548039 0,-1.2530653 51.7548108 0,-1.2531171 51.7548158 0,-1.2531515 51.7548191 0,-1.2531055 51.7549094 0,-1.2531064 51.7550231 0,-1.2532981 51.7550192 0,-1.2535256 51.7550146 0,-1.2535617 51.7550139 0,-1.2537847 51.755001 0,-1.2539476 51.7549915 0,-1.2539333 51.7549088 0,-1.2540145 51.7549026 0,-1.2540242 51.754902 0,-1.2539577 51.7547971 0,-1.254075 51.7547691 0,-1.2540987 51.7547634 0,-1.2542091 51.7547463 0,-1.2541767 51.7547025 0,-1.2540985 51.7545967 0,-1.2540433 51.7545398 0,-1.2539601 51.7545358 0,-1.2538123 51.7545272 0,-1.2538036 51.7544454 0,-1.2538533 51.7544342 0,-1.2538095 51.7542395 0,-1.253832 51.7542228 0,-1.2538268 51.7542016 0,-1.2537953 51.7541858 0,-1.2537836 51.7541389 0,-1.2537607 51.7540589 0,-1.2537857 51.7540422 0,-1.253782 51.7540209 0,-1.2537508 51.7540109 0,-1.253733 51.7539326 0,-1.2537041 51.7538274 0,-1.253697 51.7538052 0,-1.2533986 51.7538579 0,-1.2532349 51.7538872 0,-1.2529809 51.7539068 0,-1.2529927 51.7540089 0,-1.2529932 51.7540219 0,-1.2531477 51.7540192 0,-1.2531564 51.7541042 0))",https://www.facebook.com/pages/Hertford-College-Oxford/109172079100828?fref=ts,http://www.hertford.ox.ac.uk/
Jesus College,"POLYGON ((-1.2573977 51.7530387 0,-1.2574118 51.7530522 0,-1.2574836 51.7531204 0,-1.2575988 51.7532753 0,-1.2576289 51.7533315 0,-1.2578486 51.7532928 0,-1.2578801 51.7533557 0,-1.2579175 51.7533485 0,-1.2581653 51.753301 0,-1.2582134 51.7532918 0,-1.2582546 51.7533742 0,-1.2582909 51.7534466 0,-1.2583416 51.7535413 0,-1.2583444 51.7535466 0,-1.2582715 51.7535581 0,-1.2581711 51.753575 0,-1.2580775 51.7535937 0,-1.2579228 51.7536183 0,-1.2576999 51.7536543 0,-1.2575135 51.7536854 0,-1.2572397 51.7537298 0,-1.2570574 51.7537691 0,-1.2566995 51.7538454 0,-1.2565544 51.7538689 0,-1.2564672 51.7536837 0,-1.2564361 51.7536136 0,-1.2563972 51.7535414 0,-1.2563915 51.7535311 0,-1.256337 51.7534269 0,-1.2563012 51.7533481 0,-1.2564733 51.75331 0,-1.2566267 51.7532761 0,-1.2568868 51.753221 0,-1.2569011 51.7532173 0,-1.2569556 51.7532034 0,-1.257224 51.7530911 0,-1.2572553 51.753077 0,-1.2573977 51.7530387 0))",https://www.facebook.com/pages/Jesus-College-Oxford/107863505907747?fref=ts,http://www.jesus.ox.ac.uk/
Keble College,"POLYGON ((-1.2591654 51.7588654 0,-1.2592696 51.7590852 0,-1.2593384 51.7592302 0,-1.2592945 51.75926 0,-1.2575306 51.7596391 0,-1.2574626 51.759522 0,-1.2573963 51.7595346 0,-1.2570577 51.7589437 0,-1.2570915 51.7589376 0,-1.2570686 51.7588971 0,-1.2568465 51.7584702 0,-1.2567525 51.7583034 0,-1.2566282 51.7580874 0,-1.2570401 51.7579683 0,-1.2571409 51.7579391 0,-1.2572331 51.7579125 0,-1.2575895 51.7578094 0,-1.2577057 51.757835 0,-1.2579061 51.7580997 0,-1.2580819 51.7582667 0,-1.2582437 51.7583673 0,-1.2585671 51.7585366 0,-1.2586103 51.758561 0,-1.2586743 51.758591 0,-1.2589845 51.7587466 0,-1.259049 51.7587961 0,-1.2591654 51.7588654 0))",https://www.facebook.com/pages/Keble-College-Oxford/104060756298488,http://www.keble.ox.ac.uk/
Kellogg College,"POLYGON ((-1.2606751 51.7645778 0,-1.2605564 51.7636885 0,-1.26034 51.7636928 0,-1.2603338 51.7636569 0,-1.260101 51.7636654 0,-1.2600952 51.763576 0,-1.2599778 51.7635797 0,-1.2598645 51.7635835 0,-1.2597381 51.7635873 0,-1.2597453 51.763681 0,-1.2597626 51.7639272 0,-1.2588809 51.7639632 0,-1.2588639 51.7640918 0,-1.2588561 51.764205 0,-1.2590198 51.7647406 0,-1.2591809 51.7652597 0,-1.2597449 51.7651208 0,-1.2596927 51.7649524 0,-1.2595714 51.7647085 0,-1.2597473 51.7646409 0,-1.2598209 51.7646022 0,-1.2606751 51.7645778 0))",https://www.facebook.com/154599147901076,http://www.kellogg.ox.ac.uk/
Lady Margaret Hall,"POLYGON ((-1.2555844 51.7651665 0,-1.256104 51.7658573 0,-1.2554695 51.7660367 0,-1.2551493 51.765622 0,-1.2549274 51.7656938 0,-1.2547513 51.7657538 0,-1.2545301 51.7658339 0,-1.2545219 51.7658368 0,-1.2542507 51.7659171 0,-1.2541599 51.765944 0,-1.2541793 51.7659691 0,-1.2542162 51.7660261 0,-1.2540477 51.7660691 0,-1.2539949 51.7660858 0,-1.2539464 51.7660994 0,-1.2539729 51.7661355 0,-1.2538371 51.7661736 0,-1.2538207 51.7661511 0,-1.2537343 51.7661753 0,-1.2537098 51.7661836 0,-1.2537182 51.7661943 0,-1.2534559 51.7662723 0,-1.2527716 51.7664734 0,-1.2527962 51.7665182 0,-1.253006 51.7670192 0,-1.2530897 51.7672712 0,-1.2528355 51.767319 0,-1.252674 51.7671914 0,-1.2526235 51.7671515 0,-1.2523902 51.7671739 0,-1.2517741 51.767126 0,-1.2513771 51.7669895 0,-1.2511868 51.7668402 0,-1.2510526 51.7666049 0,-1.2509897 51.7663947 0,-1.2509905 51.7659615 0,-1.2509862 51.7656669 0,-1.2509336 51.7653994 0,-1.2508984 51.765224 0,-1.2512267 51.7651609 0,-1.2521514 51.7649831 0,-1.2521685 51.7649771 0,-1.2522713 51.7649413 0,-1.2525936 51.7647865 0,-1.2527956 51.7646884 0,-1.2532202 51.7645145 0,-1.2538258 51.76426 0,-1.2541724 51.7641354 0,-1.2544002 51.7640535 0,-1.2547588 51.7644142 0,-1.2547473 51.7644186 0,-1.254725 51.7644267 0,-1.2547597 51.7644616 0,-1.2546847 51.7644901 0,-1.2546933 51.7644985 0,-1.2547691 51.7645744 0,-1.2547818 51.7645874 0,-1.2548054 51.7645783 0,-1.2548651 51.7645551 0,-1.2549051 51.7645946 0,-1.2550582 51.7645538 0,-1.2551317 51.7645358 0,-1.2551956 51.7646222 0,-1.255362 51.7648435 0,-1.2555337 51.7650933 0,-1.2555639 51.7651369 0,-1.2555844 51.7651665 0))",https://www.facebook.com/pages/Lady-Margaret-Hall-Oxford/267457673320515,http://www.lmh.ox.ac.uk/
Linacre College,"POLYGON ((-1.2504052 51.7593582 0,-1.2501305 51.758992 0,-1.2491482 51.7592139 0,-1.2488973 51.7592711 0,-1.249009 51.7594198 0,-1.2491083 51.7594539 0,-1.2492083 51.7594868 0,-1.2492304 51.7594813 0,-1.2493223 51.7594614 0,-1.2494472 51.7596639 0,-1.2502463 51.7594852 0,-1.2503542 51.7594593 0,-1.2504572 51.7594347 0,-1.2504052 51.7593582 0))",https://www.facebook.com/pages/Linacre-College/332592916772500,http://www.linacre.ox.ac.uk/
Lincoln College,"POLYGON ((-1.2554728 51.753475 0,-1.2552891 51.7534768 0,-1.2551744 51.7534779 0,-1.2551605 51.7534184 0,-1.2551571 51.7534046 0,-1.2551342 51.7533123 0,-1.2551195 51.7532414 0,-1.255112 51.7532054 0,-1.2550908 51.7531128 0,-1.255102 51.7531099 0,-1.2551121 51.7531039 0,-1.2551211 51.753096 0,-1.2551267 51.7530857 0,-1.255125 51.7530739 0,-1.2551193 51.7530626 0,-1.2551093 51.7530545 0,-1.2550938 51.7530474 0,-1.2550799 51.753045 0,-1.255111 51.7530413 0,-1.2551002 51.7530007 0,-1.2551806 51.7529961 0,-1.2552846 51.7529918 0,-1.255317 51.7529463 0,-1.2553351 51.7528543 0,-1.2553356 51.7528455 0,-1.2553391 51.752784 0,-1.2553399 51.7526829 0,-1.2553402 51.7526438 0,-1.2553405 51.7526012 0,-1.2553248 51.752571 0,-1.2553129 51.7525345 0,-1.2553538 51.7525261 0,-1.2553036 51.752376 0,-1.2553903 51.7523642 0,-1.2557555 51.7523138 0,-1.2558273 51.7523078 0,-1.2558414 51.7523417 0,-1.2558703 51.7524263 0,-1.255845 51.7525979 0,-1.2558219 51.7526041 0,-1.2558191 51.7527127 0,-1.2558713 51.7528077 0,-1.2559984 51.7530362 0,-1.2560336 51.7530995 0,-1.256039 51.7531093 0,-1.2560689 51.7531632 0,-1.2560747 51.7531735 0,-1.256162 51.7533272 0,-1.2561752 51.753348 0,-1.2559416 51.7533902 0,-1.255744 51.753426 0,-1.2554728 51.753475 0))",NA,http://www.linc.ox.ac.uk/
Magdalen College,"MULTIPOLYGON (((-1.2443164 51.7547731 0,-1.2441723 51.7547315 0,-1.2439101 51.7546918 0,-1.2436773 51.7546725 0,-1.2434816 51.7546493 0,-1.243424 51.754562 0,-1.2420346 51.7544591 0,-1.2412729 51.7544026 0,-1.2409027 51.7543694 0,-1.2403448 51.7543827 0,-1.2403024 51.7542408 0,-1.2402517 51.7542364 0,-1.2402175 51.7542208 0,-1.2401977 51.7542043 0,-1.2401939 51.7541836 0,-1.2399495 51.7541529 0,-1.2399152 51.7541666 0,-1.239887 51.7541732 0,-1.2398483 51.7541648 0,-1.2398281 51.754153 0,-1.2396417 51.7541478 0,-1.2395369 51.754142 0,-1.2392274 51.7541084 0,-1.2390548 51.7540762 0,-1.238818 51.7540497 0,-1.2386407 51.7540789 0,-1.238571 51.7542038 0,-1.2384828 51.7544322 0,-1.2383178 51.7546301 0,-1.2381844 51.754746 0,-1.2381537 51.754799 0,-1.238163 51.7548866 0,-1.2381804 51.7550226 0,-1.2382556 51.7551221 0,-1.2382833 51.7552652 0,-1.2382695 51.7553209 0,-1.2382454 51.7555056 0,-1.2382404 51.7556158 0,-1.2382464 51.7556905 0,-1.2382774 51.7558339 0,-1.238281 51.7559757 0,-1.2382982 51.7561192 0,-1.2383274 51.7561659 0,-1.2383962 51.7562023 0,-1.2384392 51.7562563 0,-1.2384932 51.7564694 0,-1.2388837 51.7568823 0,-1.2393381 51.7573873 0,-1.2394353 51.7575379 0,-1.2396038 51.7576641 0,-1.2358571 51.7576275 0,-1.2359257 51.757028 0,-1.2357977 51.7565564 0,-1.235693 51.7563725 0,-1.2356867 51.756231 0,-1.237605 51.7562376 0,-1.2376077 51.7561829 0,-1.2375335 51.755239 0,-1.2359024 51.7552656 0,-1.2358739 51.755225 0,-1.2360341 51.7547768 0,-1.2361853 51.7541561 0,-1.2365301 51.753128 0,-1.2380306 51.7535298 0,-1.2383937 51.7530583 0,-1.2381678 51.7529941 0,-1.2383113 51.7527407 0,-1.2390263 51.7529406 0,-1.2388922 51.7531204 0,-1.2388468 51.7532181 0,-1.2387794 51.7533516 0,-1.23886 51.7533957 0,-1.2393098 51.7533653 0,-1.24033 51.7535429 0,-1.2404666 51.7535844 0,-1.2407458 51.7533169 0,-1.2408165 51.7532734 0,-1.2409108 51.7532339 0,-1.2410212 51.7531886 0,-1.2411884 51.7531288 0,-1.2413729 51.7530199 0,-1.241549 51.7529652 0,-1.2417602 51.7528687 0,-1.2418539 51.7528144 0,-1.2421638 51.7526289 0,-1.2422759 51.7525481 0,-1.2423065 51.7525128 0,-1.2423758 51.7525002 0,-1.2426746 51.752361 0,-1.2428711 51.7522377 0,-1.2430967 51.7520976 0,-1.2432966 51.7519526 0,-1.2434587 51.751875 0,-1.2436304 51.7518212 0,-1.2439894 51.7517364 0,-1.2448179 51.7515452 0,-1.2453533 51.7514389 0,-1.2458476 51.7513228 0,-1.2459727 51.7513194 0,-1.2460161 51.7513388 0,-1.2460497 51.7513723 0,-1.246206 51.7514706 0,-1.2462657 51.7514766 0,-1.2463037 51.7514969 0,-1.2463166 51.7515037 0,-1.2465563 51.751607 0,-1.2465952 51.7516233 0,-1.2466527 51.7516444 0,-1.2467189 51.7515919 0,-1.2467323 51.7515823 0,-1.2468806 51.7516535 0,-1.2468866 51.7516493 0,-1.2468964 51.7516484 0,-1.2469051 51.7516524 0,-1.246906 51.7516598 0,-1.2469833 51.751702 0,-1.2469924 51.7517008 0,-1.2470008 51.7517049 0,-1.2470009 51.7517107 0,-1.247154 51.7517942 0,-1.2473272 51.7518916 0,-1.2475023 51.7519932 0,-1.2475247 51.7520063 0,-1.2475695 51.7520274 0,-1.2476134 51.7520526 0,-1.2476754 51.7520879 0,-1.2479858 51.7522087 0,-1.248268 51.7522858 0,-1.2482124 51.7523593 0,-1.2482377 51.752365 0,-1.2482781 51.7523734 0,-1.248327 51.7523008 0,-1.2485764 51.7523772 0,-1.2486354 51.752432 0,-1.2486171 51.7525421 0,-1.2484728 51.7530239 0,-1.2484482 51.7531623 0,-1.2484462 51.7531735 0,-1.2484429 51.753192 0,-1.2483501 51.754103 0,-1.2485537 51.7543474 0,-1.2486791 51.7545111 0,-1.2489578 51.7547303 0,-1.2490389 51.7547232 0,-1.2490549 51.7548041 0,-1.2490806 51.7548345 0,-1.2490645 51.7548937 0,-1.2490431 51.7549723 0,-1.2490299 51.7549907 0,-1.2489391 51.7550999 0,-1.2487747 51.7552975 0,-1.24874 51.7553425 0,-1.2486129 51.7553001 0,-1.2486076 51.7553056 0,-1.2479583 51.7551034 0,-1.2475668 51.7550121 0,-1.2466032 51.7547847 0,-1.2463439 51.7547283 0,-1.2462863 51.7548264 0,-1.2458106 51.7548942 0,-1.245629 51.7552619 0,-1.2456126 51.7552624 0,-1.2455166 51.7552653 0,-1.2453526 51.7553055 0,-1.2451865 51.7553268 0,-1.2446979 51.7551118 0,-1.2445316 51.7549009 0,-1.2444408 51.7548339 0,-1.2443164 51.7547731 0)),((-1.2487991 51.7532033 0,-1.2486424 51.7532012 0,-1.248622 51.7530696 0,-1.2486301 51.7528354 0,-1.2486589 51.7527719 0,-1.2486867 51.7526757 0,-1.2487173 51.7526785 0,-1.2487468 51.7526116 0,-1.2487857 51.7524316 0,-1.248828 51.7524102 0,-1.2488797 51.7524207 0,-1.2490495 51.7524646 0,-1.2491224 51.7524775 0,-1.249047 51.7525923 0,-1.2490521 51.7526092 0,-1.2490502 51.7526255 0,-1.2490475 51.7526398 0,-1.2490094 51.7528175 0,-1.2490065 51.7528272 0,-1.2490063 51.7528329 0,-1.2489985 51.7529153 0,-1.249005 51.7529505 0,-1.2490115 51.7529935 0,-1.2489748 51.7530014 0,-1.2489435 51.7530143 0,-1.2489307 51.7530316 0,-1.2489342 51.7530524 0,-1.248969 51.7530711 0,-1.2490165 51.753076 0,-1.2490173 51.7530982 0,-1.2489145 51.7531027 0,-1.2487909 51.7531082 0,-1.2487991 51.7532033 0)),((-1.2485476 51.7522071 0,-1.2482925 51.7521277 0,-1.2482102 51.7521019 0,-1.248051 51.7520529 0,-1.2479762 51.7520279 0,-1.2483316 51.7516642 0,-1.2488568 51.7518247 0,-1.2485476 51.7522071 0)),((-1.2491581 51.7523295 0,-1.2488115 51.7522763 0,-1.2488692 51.7521851 0,-1.2489632 51.7522117 0,-1.249013 51.7521995 0,-1.2490386 51.752155 0,-1.2490792 51.7521643 0,-1.2490699 51.752188 0,-1.2491464 51.7522031 0,-1.2491337 51.7522397 0,-1.2491894 51.7522462 0,-1.2491581 51.7523295 0)))",https://www.facebook.com/magdcolloxford,http://www.magd.ox.ac.uk/
Mansfield College,"POLYGON ((-1.2519106 51.7568404 0,-1.25215 51.7575375 0,-1.2522227 51.7576574 0,-1.2524354 51.7579665 0,-1.2534863 51.757663 0,-1.2534878 51.7576224 0,-1.2540843 51.7574245 0,-1.2541291 51.7574126 0,-1.2541592 51.7574025 0,-1.2539136 51.7570342 0,-1.253799 51.7567852 0,-1.2537546 51.7567111 0,-1.2537159 51.7567139 0,-1.2526481 51.756792 0,-1.2519106 51.7568404 0))",https://www.facebook.com/MansfieldCollegeOxford,http://www.mansfield.ox.ac.uk/
Merton College,"MULTIPOLYGON (((-1.2521937 51.7513123 0,-1.2521053 51.7513259 0,-1.251959 51.7513466 0,-1.2518031 51.7513713 0,-1.2516281 51.7513961 0,-1.2514453 51.7514154 0,-1.2513739 51.7514212 0,-1.2512493 51.7514343 0,-1.2510947 51.7514488 0,-1.251041 51.7514562 0,-1.2507424 51.7514971 0,-1.2505537 51.7515089 0,-1.2496833 51.7515667 0,-1.249637 51.7516536 0,-1.249661 51.7516586 0,-1.2496132 51.7517452 0,-1.2495789 51.7518196 0,-1.2495334 51.7519002 0,-1.2493771 51.7518664 0,-1.2493528 51.7518957 0,-1.2488834 51.7517803 0,-1.2488568 51.7518247 0,-1.2487085 51.7517707 0,-1.2483316 51.7516642 0,-1.2488158 51.7510897 0,-1.2489834 51.7508724 0,-1.2494574 51.7510439 0,-1.2496387 51.7508493 0,-1.2498197 51.7509074 0,-1.2507549 51.7507615 0,-1.2507619 51.7507434 0,-1.2507879 51.7507314 0,-1.2508173 51.750737 0,-1.2508271 51.7507516 0,-1.2509144 51.7507337 0,-1.2515615 51.7506169 0,-1.2519538 51.7505328 0,-1.2524927 51.7504099 0,-1.2529228 51.7503174 0,-1.2530008 51.7502878 0,-1.2530515 51.7504697 0,-1.2530533 51.7507269 0,-1.253044 51.7509375 0,-1.2530434 51.7510055 0,-1.2530973 51.7511461 0,-1.2530652 51.7511543 0,-1.2530163 51.7511659 0,-1.2528697 51.751196 0,-1.2527054 51.7512207 0,-1.2523221 51.7512926 0,-1.2522174 51.7513082 0,-1.2521937 51.7513123 0)),((-1.251685 51.7514797 0,-1.2518602 51.7514431 0,-1.2519424 51.7514323 0,-1.25205 51.7514168 0,-1.2521726 51.7513991 0,-1.2523418 51.7513779 0,-1.252364 51.7514297 0,-1.25237 51.7514435 0,-1.2523759 51.7514573 0,-1.2524119 51.7516415 0,-1.2524553 51.7517224 0,-1.2524748 51.7517211 0,-1.2524889 51.7517298 0,-1.252513 51.7518009 0,-1.2522898 51.7518323 0,-1.2522693 51.751791 0,-1.2522509 51.7517685 0,-1.2522242 51.7517163 0,-1.2521152 51.751731 0,-1.2518626 51.7517589 0,-1.2518665 51.7517966 0,-1.2517588 51.7518097 0,-1.2513385 51.75186 0,-1.251293 51.7517324 0,-1.2512572 51.7515645 0,-1.2512559 51.7515594 0,-1.2512474 51.7515282 0,-1.2514088 51.7515099 0,-1.2514412 51.7515061 0,-1.2514739 51.7515023 0,-1.2516228 51.751487 0,-1.251685 51.7514797 0)))",https://www.facebook.com/MertonCollegeOxford,http://www.merton.ox.ac.uk/
New College,"POLYGON ((-1.2525757 51.7541313 0,-1.252572 51.7541101 0,-1.2525551 51.7540556 0,-1.2524951 51.753835 0,-1.2523225 51.7538148 0,-1.2523286 51.7537873 0,-1.2523454 51.7537108 0,-1.2523614 51.75352 0,-1.2524982 51.753518 0,-1.2525681 51.7535162 0,-1.2527064 51.7535135 0,-1.252715 51.7535254 0,-1.2527521 51.7536154 0,-1.2528258 51.7537859 0,-1.2528694 51.7538885 0,-1.2529353 51.7538886 0,-1.2529788 51.7538887 0,-1.2529809 51.7539068 0,-1.2529927 51.7540089 0,-1.2529932 51.7540219 0,-1.2531477 51.7540192 0,-1.2531564 51.7541042 0,-1.2531563 51.7541277 0,-1.253157 51.7541463 0,-1.253159 51.7542283 0,-1.2526502 51.7541776 0,-1.2525863 51.7541704 0,-1.2525439 51.7541641 0,-1.2525034 51.7541576 0,-1.2523359 51.7541395 0,-1.2523279 51.7541398 0,-1.2523221 51.7541589 0,-1.2523169 51.754176 0,-1.2525313 51.7542 0,-1.2530918 51.7542626 0,-1.2530454 51.7544585 0,-1.2531228 51.7544916 0,-1.2532536 51.7545022 0,-1.2535617 51.7545155 0,-1.25364 51.7545206 0,-1.2536271 51.7545963 0,-1.2536189 51.7546461 0,-1.2535767 51.7546436 0,-1.2535083 51.7546361 0,-1.2532777 51.7546261 0,-1.2532715 51.7546626 0,-1.2531852 51.754657 0,-1.2531913 51.7546214 0,-1.2531246 51.7546167 0,-1.2530738 51.7546128 0,-1.2525181 51.754551 0,-1.2524919 51.7546701 0,-1.2525377 51.7546756 0,-1.2524947 51.754828 0,-1.2524813 51.7548755 0,-1.2524561 51.7550139 0,-1.2524045 51.7550105 0,-1.2523405 51.7550066 0,-1.2522844 51.7550025 0,-1.25212 51.7549954 0,-1.2520181 51.7549794 0,-1.2518905 51.754974 0,-1.2518972 51.7549459 0,-1.2508621 51.7548673 0,-1.2498811 51.7547823 0,-1.2499019 51.7546986 0,-1.2499148 51.7546274 0,-1.2499231 51.7545812 0,-1.2499522 51.7543993 0,-1.2498754 51.754391 0,-1.2498052 51.7543835 0,-1.2497273 51.7543751 0,-1.2493986 51.7543397 0,-1.2491991 51.7546415 0,-1.2491717 51.754683 0,-1.2491138 51.7546482 0,-1.2490414 51.7545996 0,-1.2488086 51.7544414 0,-1.2487948 51.7544497 0,-1.2487897 51.7544442 0,-1.2486706 51.754315 0,-1.2486613 51.7543049 0,-1.2486337 51.7542633 0,-1.2486189 51.7541893 0,-1.2486218 51.754155 0,-1.2486119 51.7541547 0,-1.2486289 51.7535946 0,-1.2486389 51.7533552 0,-1.2486423 51.7532564 0,-1.2486424 51.7532012 0,-1.2487991 51.7532033 0,-1.2487909 51.7531082 0,-1.2489145 51.7531027 0,-1.2490173 51.7530982 0,-1.2490165 51.753076 0,-1.248969 51.7530711 0,-1.2489342 51.7530524 0,-1.2489307 51.7530316 0,-1.2489435 51.7530143 0,-1.2489748 51.7530014 0,-1.2490115 51.7529935 0,-1.2490252 51.753071 0,-1.2490486 51.7530762 0,-1.2492613 51.7530843 0,-1.2493724 51.7530967 0,-1.2496876 51.7531163 0,-1.2496776 51.7531878 0,-1.2497184 51.7531897 0,-1.2496346 51.7537719 0,-1.2505108 51.7537617 0,-1.25053 51.7537632 0,-1.250815 51.7537639 0,-1.251202 51.7537606 0,-1.251319 51.7537608 0,-1.2515097 51.7537665 0,-1.2515737 51.7537734 0,-1.2523062 51.7538727 0,-1.2523878 51.7538848 0,-1.2524427 51.753936 0,-1.2524912 51.7541209 0,-1.2525326 51.754126 0,-1.2525757 51.7541313 0))",https://www.facebook.com/newcollegeoxford,http://www.new.ox.ac.uk/
Nuffield College,"POLYGON ((-1.2618695 51.7522649 0,-1.2619562 51.7522994 0,-1.2624891 51.7524845 0,-1.2629402 51.752637 0,-1.2636181 51.7528461 0,-1.2636439 51.7529078 0,-1.2634271 51.7531606 0,-1.2633583 51.7532126 0,-1.2632922 51.7532199 0,-1.2624525 51.7531417 0,-1.2623572 51.7531287 0,-1.262184 51.7530765 0,-1.2621324 51.753056 0,-1.2621134 51.753038 0,-1.262 51.7529293 0,-1.2619715 51.7528904 0,-1.2619653 51.7528425 0,-1.2619726 51.7527935 0,-1.2620182 51.7527388 0,-1.2620468 51.7526932 0,-1.2616228 51.7525646 0,-1.2618695 51.7522649 0))",https://www.facebook.com/OxfordNuffieldCollege,https://www.nuffield.ox.ac.uk/pages/default.aspx
Oriel College,"POLYGON ((-1.2539776 51.7520308 0,-1.253981 51.7519987 0,-1.2539856 51.7519563 0,-1.2539899 51.7519155 0,-1.2539949 51.7518693 0,-1.2539961 51.7518582 0,-1.2539972 51.7518481 0,-1.254003 51.7517937 0,-1.2540171 51.7516692 0,-1.2540203 51.751632 0,-1.2540865 51.7516328 0,-1.2540847 51.7516712 0,-1.2541007 51.7516716 0,-1.2541576 51.751673 0,-1.2542652 51.7516829 0,-1.2542957 51.751687 0,-1.2543314 51.751686 0,-1.2543359 51.7516987 0,-1.2543628 51.7516956 0,-1.2543725 51.7517251 0,-1.2544055 51.7517243 0,-1.2544384 51.7517447 0,-1.2544604 51.7517742 0,-1.2544897 51.7517735 0,-1.2545019 51.7518037 0,-1.2545202 51.7518505 0,-1.2545397 51.7518505 0,-1.2545556 51.751886 0,-1.2546006 51.7520119 0,-1.2546476 51.7521433 0,-1.2546868 51.7523149 0,-1.2544672 51.7523494 0,-1.2543337 51.7523703 0,-1.2542692 51.7523805 0,-1.2541905 51.7523928 0,-1.2540493 51.752415 0,-1.2540119 51.7522209 0,-1.2539989 51.7521604 0,-1.2539878 51.7521044 0,-1.253978 51.7520451 0,-1.2539104 51.7520535 0,-1.2539563 51.7522751 0,-1.2540022 51.7524324 0,-1.253492 51.7524948 0,-1.2534307 51.7523431 0,-1.2533611 51.7521337 0,-1.2533342 51.7520562 0,-1.25331 51.7519771 0,-1.2532644 51.7518273 0,-1.2532557 51.7517989 0,-1.2532501 51.7517898 0,-1.2531768 51.75167 0,-1.2531627 51.7516469 0,-1.2531444 51.7516042 0,-1.2531334 51.7515785 0,-1.2530121 51.7513274 0,-1.2529908 51.7512669 0,-1.2532176 51.751235 0,-1.2532186 51.751213 0,-1.2533226 51.7512162 0,-1.2533247 51.7511933 0,-1.2536311 51.7511787 0,-1.253884 51.7511683 0,-1.2539927 51.7511612 0,-1.2539865 51.751364 0,-1.253986 51.7513765 0,-1.2539843 51.7514464 0,-1.2539807 51.7515275 0,-1.2539641 51.7516657 0,-1.2539408 51.7517953 0,-1.253906 51.7520401 0,-1.2539776 51.7520308 0))",https://www.facebook.com/OrielCollegeOxford,http://www.oriel.ox.ac.uk/
Pembroke College,"MULTIPOLYGON (((-1.2584293 51.7498753 0,-1.2584473 51.7497199 0,-1.2584676 51.7494549 0,-1.2586998 51.7494633 0,-1.2586954 51.7493352 0,-1.2587145 51.7493355 0,-1.2587151 51.7493931 0,-1.2588959 51.7493657 0,-1.2588893 51.7493919 0,-1.2589788 51.7493925 0,-1.2589777 51.7494056 0,-1.2589615 51.7494055 0,-1.258963 51.7494319 0,-1.2589515 51.7494317 0,-1.2589491 51.7494983 0,-1.2589665 51.7494975 0,-1.2590074 51.749502 0,-1.2590031 51.7495169 0,-1.259092 51.7495273 0,-1.2591146 51.7495291 0,-1.2593081 51.7495504 0,-1.2592938 51.7496002 0,-1.2593799 51.7496102 0,-1.2593897 51.7496124 0,-1.2593704 51.7496839 0,-1.2593874 51.7496857 0,-1.2593768 51.7497251 0,-1.2593753 51.749733 0,-1.2591888 51.7497147 0,-1.2591757 51.7497758 0,-1.2593689 51.7497887 0,-1.2593271 51.7499254 0,-1.259144 51.7499152 0,-1.259129 51.7499131 0,-1.2588697 51.7498984 0,-1.2584293 51.7498753 0)),((-1.2589632 51.7506932 0,-1.2589473 51.7506923 0,-1.2588419 51.7506848 0,-1.258823 51.7506843 0,-1.258761 51.7506802 0,-1.2587486 51.7506794 0,-1.2585528 51.7506668 0,-1.2585359 51.7506657 0,-1.2584288 51.7506587 0,-1.2582221 51.7506453 0,-1.2581356 51.7506397 0,-1.2581185 51.7506386 0,-1.2579871 51.7506277 0,-1.2580161 51.7504398 0,-1.2580218 51.7504032 0,-1.257903 51.7503958 0,-1.2579245 51.7503554 0,-1.2579579 51.7502062 0,-1.2574653 51.7501395 0,-1.2573462 51.7501315 0,-1.2572394 51.7501361 0,-1.2570713 51.7501466 0,-1.2569313 51.7501543 0,-1.2569286 51.7501347 0,-1.2569128 51.7500125 0,-1.2569101 51.7497665 0,-1.257042 51.7497783 0,-1.2573573 51.7498075 0,-1.2573936 51.7498113 0,-1.2575376 51.7498235 0,-1.2576984 51.7498375 0,-1.2579789 51.7498655 0,-1.2581629 51.7498839 0,-1.2584637 51.749901 0,-1.2588445 51.7499223 0,-1.2588647 51.749923 0,-1.2588802 51.7499235 0,-1.2592954 51.7499561 0,-1.2592798 51.7500485 0,-1.2593197 51.7503041 0,-1.259326 51.750372 0,-1.2593248 51.7503857 0,-1.2593459 51.7504992 0,-1.2593643 51.7505887 0,-1.2593696 51.7506379 0,-1.2593554 51.7506392 0,-1.2593428 51.7506404 0,-1.2593406 51.7506606 0,-1.2593394 51.750672 0,-1.2593155 51.750672 0,-1.259307 51.7507016 0,-1.259191 51.750699 0,-1.2589632 51.7506932 0)))",https://www.facebook.com/PembrokeOxfordAccess,http://www.pmb.ox.ac.uk/
Somerville College,"POLYGON ((-1.261334 51.7596474 0,-1.2613109 51.7595303 0,-1.2615672 51.7595091 0,-1.2616785 51.7595149 0,-1.2617833 51.7594893 0,-1.2620575 51.7594435 0,-1.2621068 51.7594311 0,-1.2620914 51.7594073 0,-1.2621345 51.7593851 0,-1.2621312 51.7593433 0,-1.2621493 51.7591404 0,-1.2621161 51.7590864 0,-1.2619735 51.7591925 0,-1.261909 51.7592238 0,-1.2618111 51.7592592 0,-1.2614866 51.7593255 0,-1.2615077 51.7593693 0,-1.2613586 51.7594009 0,-1.2613043 51.7592765 0,-1.261244 51.7591132 0,-1.2615563 51.7590023 0,-1.2615935 51.7589892 0,-1.2619315 51.758876 0,-1.2619604 51.7589041 0,-1.2623236 51.7587659 0,-1.2621718 51.7586187 0,-1.2620469 51.7584976 0,-1.2624029 51.7583576 0,-1.2624712 51.7584268 0,-1.2628832 51.7582781 0,-1.2629841 51.758386 0,-1.2632143 51.7583006 0,-1.2632504 51.7583477 0,-1.2633173 51.7583279 0,-1.2634424 51.758287 0,-1.2636259 51.7582264 0,-1.2637103 51.7583407 0,-1.2638309 51.7584916 0,-1.263964 51.7586151 0,-1.2643852 51.7589254 0,-1.2641341 51.7590875 0,-1.2640016 51.7589978 0,-1.2638957 51.7590513 0,-1.2636829 51.7592171 0,-1.263247 51.7594264 0,-1.2629162 51.7595855 0,-1.2627636 51.7596399 0,-1.2627787 51.7596625 0,-1.262173 51.759846 0,-1.2621262 51.7597859 0,-1.2619961 51.7598205 0,-1.2619574 51.7597705 0,-1.2619093 51.7597841 0,-1.2619404 51.7598223 0,-1.2618748 51.7598417 0,-1.2618869 51.7598569 0,-1.2617197 51.7599074 0,-1.2614903 51.7599764 0,-1.2614023 51.759755 0,-1.261334 51.7596474 0))",https://www.facebook.com/SomervilleOxford,http://www.some.ox.ac.uk/
St Anne's College,"POLYGON ((-1.262012 51.7610837 0,-1.2604056 51.7613211 0,-1.2604844 51.7617226 0,-1.2605437 51.7619865 0,-1.2606612 51.7625118 0,-1.2607516 51.7629158 0,-1.2630202 51.7624326 0,-1.2627671 51.7620879 0,-1.2627509 51.7620658 0,-1.2625693 51.7618247 0,-1.262012 51.7610837 0))",https://www.facebook.com/pages/St-Annes-College/115770988475692,http://www.st-annes.ox.ac.uk/
St Antony's College,"POLYGON ((-1.2618634 51.7628497 0,-1.2630031 51.7625929 0,-1.2631905 51.7626175 0,-1.2636718 51.763293 0,-1.2639766 51.7637474 0,-1.2641606 51.764019 0,-1.2636703 51.7641325 0,-1.2635535 51.7639821 0,-1.2633652 51.7640306 0,-1.2634617 51.7641803 0,-1.2628591 51.7643403 0,-1.2626725 51.7640036 0,-1.262665 51.7639901 0,-1.262494 51.7638116 0,-1.2622222 51.7635557 0,-1.2621234 51.7633432 0,-1.2618634 51.7628497 0))",https://www.facebook.com/pages/St-Antonys-College-Oxford/109638552388674,http://www.sant.ox.ac.uk/
St Catherine's College,"POLYGON ((-1.2434816 51.7546493 0,-1.2435039 51.7571511 0,-1.2446369 51.7571426 0,-1.2446774 51.7582498 0,-1.2446876 51.758526 0,-1.2460478 51.7580604 0,-1.2460758 51.7580508 0,-1.2463987 51.7580117 0,-1.2462016 51.7576583 0,-1.2457605 51.7567849 0,-1.2455284 51.7563667 0,-1.2453554 51.7560192 0,-1.2453213 51.7555042 0,-1.2453285 51.7553079 0,-1.2451865 51.7553268 0,-1.2450806 51.7552816 0,-1.2450452 51.7552658 0,-1.2448749 51.7551898 0,-1.2447523 51.7551358 0,-1.2446979 51.7551118 0,-1.2445316 51.7549009 0,-1.2444408 51.7548339 0,-1.2443164 51.7547731 0,-1.2441723 51.7547315 0,-1.2439101 51.7546918 0,-1.2436773 51.7546725 0,-1.2434816 51.7546493 0))",https://www.facebook.com/StCatz,http://www.stcatz.ox.ac.uk/
St Cross College,"POLYGON ((-1.26142 51.7565154 0,-1.2604352 51.7567225 0,-1.2603958 51.7566462 0,-1.2601115 51.7567046 0,-1.2599365 51.7563936 0,-1.2611853 51.7561195 0,-1.2612511 51.7562304 0,-1.26142 51.7565154 0))",NA,http://www.stx.ox.ac.uk/
St Edmund Hall,"POLYGON ((-1.2502938 51.7529813 0,-1.2503141 51.7529161 0,-1.2504101 51.7529237 0,-1.2503954 51.7530427 0,-1.250365 51.7531385 0,-1.2503458 51.7531993 0,-1.2503703 51.7532044 0,-1.2503826 51.7532096 0,-1.2503972 51.7532335 0,-1.2504144 51.7532783 0,-1.2504442 51.7534348 0,-1.2504806 51.7536205 0,-1.2505108 51.7537617 0,-1.2496346 51.7537719 0,-1.2497184 51.7531897 0,-1.2496776 51.7531878 0,-1.2496876 51.7531163 0,-1.2493724 51.7530967 0,-1.2492613 51.7530843 0,-1.2490486 51.7530762 0,-1.2490252 51.753071 0,-1.249005 51.7529505 0,-1.2490017 51.7529309 0,-1.2489985 51.7529153 0,-1.2490063 51.7528329 0,-1.2490065 51.7528272 0,-1.2490094 51.7528175 0,-1.2490475 51.7526398 0,-1.2490732 51.7525906 0,-1.2491322 51.7524883 0,-1.2492988 51.7525207 0,-1.2497204 51.7525962 0,-1.2498847 51.7526389 0,-1.2500511 51.7526758 0,-1.2499325 51.752896 0,-1.2498587 51.7529091 0,-1.2498772 51.752912 0,-1.2499216 51.75292 0,-1.2500485 51.7529381 0,-1.2502938 51.7529813 0))",https://www.facebook.com/StEdmundHall,http://www.seh.ox.ac.uk/
St Hilda's College,"POLYGON ((-1.2453317 51.7482256 0,-1.2449578 51.7478121 0,-1.2462841 51.7473087 0,-1.2468262 51.7470946 0,-1.2468347 51.7471159 0,-1.2471327 51.747864 0,-1.2467873 51.7480264 0,-1.2465954 51.748195 0,-1.2463228 51.7483902 0,-1.2461144 51.7485583 0,-1.2460118 51.7487583 0,-1.2459178 51.7489992 0,-1.2458316 51.7491834 0,-1.2457286 51.7495129 0,-1.2456749 51.7497997 0,-1.2453736 51.7497886 0,-1.2452272 51.749763 0,-1.2450493 51.7497461 0,-1.2448754 51.7496547 0,-1.2449062 51.7496093 0,-1.2450003 51.7494886 0,-1.2450162 51.7493891 0,-1.2450249 51.7493243 0,-1.2450957 51.7487993 0,-1.2451829 51.7488041 0,-1.2451996 51.7487955 0,-1.2452523 51.7487846 0,-1.2452812 51.7487755 0,-1.2453053 51.7487614 0,-1.2452835 51.7487403 0,-1.2456768 51.7486016 0,-1.2453317 51.7482256 0))",https://www.facebook.com/pages/St-Hildas-College-Oxford/112469235433797?rf=154173007943647,http://www.sthildas.ox.ac.uk/
St Hugh's College,"POLYGON ((-1.2653681 51.7668942 0,-1.2653377 51.7669418 0,-1.2652272 51.7669976 0,-1.2636921 51.7672615 0,-1.2630947 51.7673663 0,-1.2625103 51.7674688 0,-1.2619345 51.7675735 0,-1.26186 51.7675751 0,-1.261771 51.7675208 0,-1.2616724 51.7672071 0,-1.2614153 51.7664197 0,-1.2613575 51.7662444 0,-1.261243 51.7658942 0,-1.2611655 51.7656726 0,-1.2615527 51.7655974 0,-1.261818 51.7655383 0,-1.2621905 51.7654514 0,-1.2630725 51.7653239 0,-1.2631644 51.7653106 0,-1.263233 51.7652945 0,-1.2646344 51.7649496 0,-1.265106 51.7660865 0,-1.2653681 51.7668942 0))",https://www.facebook.com/sthughscollegeadmissions,http://www.st-hughs.ox.ac.uk/
St John's College,"POLYGON ((-1.2582667 51.7582695 0,-1.2580872 51.758085 0,-1.257806 51.7577534 0,-1.2583743 51.7575759 0,-1.2583532 51.7575457 0,-1.2586861 51.757454 0,-1.2588592 51.7574039 0,-1.2589091 51.7574691 0,-1.2591569 51.7574106 0,-1.2593549 51.7573681 0,-1.2593492 51.7573579 0,-1.2593406 51.7573423 0,-1.2592651 51.7573531 0,-1.2590296 51.757399 0,-1.258943 51.7574228 0,-1.2588264 51.7573553 0,-1.2580083 51.7575862 0,-1.2579788 51.7575949 0,-1.2579466 51.7576044 0,-1.257918 51.7576128 0,-1.2578847 51.7576226 0,-1.257853 51.7576319 0,-1.2578218 51.757641 0,-1.2577912 51.75765 0,-1.2577575 51.7576585 0,-1.2577024 51.75758 0,-1.2576674 51.7575293 0,-1.2575647 51.757379 0,-1.2567809 51.7575842 0,-1.2564248 51.7576673 0,-1.2564223 51.75766 0,-1.2562957 51.7574376 0,-1.2562705 51.7574158 0,-1.2562373 51.7573872 0,-1.2555281 51.7562796 0,-1.2555037 51.7562416 0,-1.2575459 51.7558889 0,-1.2576939 51.7558634 0,-1.2580388 51.7558039 0,-1.2580232 51.7557651 0,-1.2581914 51.7557393 0,-1.2584301 51.7557039 0,-1.2586834 51.7556664 0,-1.2589454 51.7556296 0,-1.2589828 51.7557547 0,-1.2590017 51.7558133 0,-1.2590121 51.7558427 0,-1.2590519 51.7559738 0,-1.2590767 51.7560478 0,-1.2590816 51.7560629 0,-1.2591333 51.7562345 0,-1.2591579 51.756295 0,-1.2591577 51.756313 0,-1.2592593 51.7565846 0,-1.2592803 51.756665 0,-1.2593029 51.7567499 0,-1.2593147 51.7568104 0,-1.2593396 51.7570155 0,-1.2593705 51.75714 0,-1.2593621 51.7571794 0,-1.2594256 51.7573272 0,-1.2594313 51.7573403 0,-1.259464 51.7573988 0,-1.259488 51.7574353 0,-1.2595219 51.7574895 0,-1.2595661 51.7575812 0,-1.2595628 51.7575983 0,-1.2595477 51.7576599 0,-1.2596332 51.7578155 0,-1.2596604 51.7578834 0,-1.2597631 51.7581556 0,-1.2598293 51.7583222 0,-1.2598387 51.7584151 0,-1.2598857 51.7586432 0,-1.2592163 51.7587571 0,-1.2589629 51.7586142 0,-1.2588516 51.7585505 0,-1.2586093 51.7584279 0,-1.2582667 51.7582695 0))",https://www.facebook.com/stjohnsoxford?fref=ts,http://www.sjc.ox.ac.uk/
St Peter's College,"POLYGON ((-1.2606147 51.7529569 0,-1.2609104 51.7528627 0,-1.2611335 51.7527904 0,-1.2613265 51.7529415 0,-1.2613831 51.7529707 0,-1.2614329 51.7530378 0,-1.2615371 51.752996 0,-1.2616416 51.7529521 0,-1.2618588 51.7528467 0,-1.2618835 51.752789 0,-1.2619053 51.7527813 0,-1.2619468 51.7527668 0,-1.2619596 51.7527371 0,-1.2619202 51.7527162 0,-1.2619216 51.7526805 0,-1.2618643 51.7526619 0,-1.261611 51.7525794 0,-1.2616228 51.7525646 0,-1.2618695 51.7522649 0,-1.2615717 51.7521454 0,-1.2614158 51.7522156 0,-1.2612856 51.7522742 0,-1.2611485 51.7523359 0,-1.2611296 51.7523304 0,-1.2609581 51.7521791 0,-1.2609312 51.7521557 0,-1.2609155 51.7521592 0,-1.2608212 51.7520279 0,-1.2607945 51.7519823 0,-1.260767 51.7519821 0,-1.260768 51.751937 0,-1.2607292 51.7519367 0,-1.2606967 51.7519364 0,-1.2605781 51.7519661 0,-1.2605754 51.7519623 0,-1.2605278 51.7519742 0,-1.2604838 51.7520017 0,-1.2604713 51.7520095 0,-1.2603322 51.7520443 0,-1.260306 51.7520509 0,-1.2602922 51.7520341 0,-1.2602142 51.7520557 0,-1.2602351 51.7520882 0,-1.2601093 51.7521193 0,-1.260135 51.7521586 0,-1.2602222 51.7523023 0,-1.2602476 51.7523468 0,-1.2603331 51.7524856 0,-1.2606147 51.7529569 0))",https://www.facebook.com/spcadmissions,http://www.spc.ox.ac.uk/
The Queen's College,"POLYGON ((-1.2520161 51.7528546 0,-1.2518112 51.7528351 0,-1.2515331 51.7528141 0,-1.2505724 51.752759 0,-1.2505454 51.7531656 0,-1.2505439 51.753174 0,-1.2505261 51.7531784 0,-1.2505149 51.7531841 0,-1.2504991 51.7531944 0,-1.2504833 51.7532172 0,-1.2504853 51.7532942 0,-1.2504856 51.7533429 0,-1.2505753 51.7537159 0,-1.251219 51.7537241 0,-1.2515128 51.753718 0,-1.252322 51.7538171 0,-1.2523286 51.7537873 0,-1.2523454 51.7537108 0,-1.2523614 51.75352 0,-1.2523593 51.7535043 0,-1.2523414 51.7533709 0,-1.2521985 51.7533827 0,-1.2521373 51.7533848 0,-1.2521184 51.7533143 0,-1.252077 51.7531734 0,-1.2520666 51.7531357 0,-1.252037 51.7529708 0,-1.2520161 51.7528546 0))",https://www.facebook.com/queenscollegeoxford,http://www.queens.ox.ac.uk/
Trinity College,"POLYGON ((-1.2580388 51.7558039 0,-1.2575459 51.7558889 0,-1.2555037 51.7562416 0,-1.2553578 51.7560208 0,-1.2553113 51.7559914 0,-1.2553004 51.7559325 0,-1.2549566 51.7553979 0,-1.2556912 51.755238 0,-1.2555324 51.7549192 0,-1.2557208 51.7548905 0,-1.2556882 51.7548084 0,-1.2556657 51.7547304 0,-1.2556176 51.7545912 0,-1.2557581 51.75457 0,-1.2557552 51.7545594 0,-1.2557943 51.7545544 0,-1.2557986 51.7545638 0,-1.2558384 51.7545575 0,-1.2558366 51.7545468 0,-1.2558862 51.7545402 0,-1.2558903 51.7545519 0,-1.2559396 51.7545454 0,-1.2559514 51.7545711 0,-1.2561083 51.7545504 0,-1.2565767 51.7545047 0,-1.2566085 51.7545041 0,-1.2567145 51.7545 0,-1.2567572 51.7544917 0,-1.2568064 51.7544837 0,-1.2568936 51.7544739 0,-1.2570789 51.7548476 0,-1.2570646 51.7548597 0,-1.2571227 51.7549732 0,-1.2573114 51.7549588 0,-1.2574361 51.7551301 0,-1.2574683 51.7551218 0,-1.2574953 51.7551617 0,-1.2575783 51.7552419 0,-1.2575963 51.7552699 0,-1.257653 51.7552536 0,-1.2577026 51.75532 0,-1.2577185 51.7553412 0,-1.2577797 51.7553475 0,-1.2578035 51.7554224 0,-1.2577749 51.7554725 0,-1.2578538 51.7555848 0,-1.2579049 51.7556476 0,-1.2583621 51.7555287 0,-1.2584285 51.7555201 0,-1.2584429 51.7555677 0,-1.2584652 51.7556096 0,-1.2589203 51.7555524 0,-1.2589454 51.7556296 0,-1.2586834 51.7556664 0,-1.2584301 51.7557039 0,-1.2581914 51.7557393 0,-1.2580232 51.7557651 0,-1.2580388 51.7558039 0))",https://www.facebook.com/pages/Trinity-College-University-of-Oxford/55903340478,http://www.trinity.ox.ac.uk/
University College,"POLYGON ((-1.2508002 51.7515791 0,-1.2510764 51.7515338 0,-1.2511969 51.7515217 0,-1.2512094 51.7515672 0,-1.2512183 51.7516116 0,-1.2512289 51.7516798 0,-1.2512708 51.7518827 0,-1.2513385 51.75186 0,-1.2517588 51.7518097 0,-1.2518665 51.7517966 0,-1.2518626 51.7517589 0,-1.2521152 51.751731 0,-1.2522242 51.7517163 0,-1.2522424 51.7517569 0,-1.2522509 51.7517685 0,-1.2522693 51.751791 0,-1.2522898 51.7518323 0,-1.252513 51.7518009 0,-1.2525261 51.7517523 0,-1.2527262 51.751727 0,-1.2529917 51.7516774 0,-1.2530323 51.7517669 0,-1.2530456 51.7518302 0,-1.2527372 51.7518466 0,-1.2527745 51.752026 0,-1.2527391 51.7520311 0,-1.2527491 51.752097 0,-1.2527671 51.7522142 0,-1.2527782 51.7522874 0,-1.2528268 51.7522724 0,-1.2528504 51.7523094 0,-1.2528787 51.7523057 0,-1.2529039 51.752387 0,-1.2529449 51.7523815 0,-1.2529669 51.7525031 0,-1.253023 51.7525 0,-1.2530376 51.7525507 0,-1.2528671 51.7525682 0,-1.2527475 51.7525822 0,-1.2525313 51.7526112 0,-1.2523349 51.7526253 0,-1.2522212 51.7526283 0,-1.2521199 51.752631 0,-1.251999 51.7526344 0,-1.2519801 51.752635 0,-1.2518594 51.7526384 0,-1.2517608 51.7526418 0,-1.2517506 51.7526486 0,-1.2517075 51.7526486 0,-1.2517002 51.7526415 0,-1.2516639 51.7526396 0,-1.2515047 51.75263 0,-1.2514755 51.7526278 0,-1.2513005 51.7526148 0,-1.2511419 51.752603 0,-1.2510843 51.7525913 0,-1.2507232 51.7525356 0,-1.2503977 51.7524853 0,-1.2504652 51.7523555 0,-1.250505 51.752279 0,-1.2505321 51.7522266 0,-1.2505479 51.7521816 0,-1.2505862 51.7520728 0,-1.2505801 51.7520713 0,-1.2505485 51.7520636 0,-1.250572 51.7520135 0,-1.2505833 51.7520152 0,-1.2506268 51.7520205 0,-1.2506789 51.752026 0,-1.25072 51.7520299 0,-1.2507455 51.7519534 0,-1.2507591 51.7519167 0,-1.2507593 51.7519154 0,-1.2507609 51.7518969 0,-1.2506517 51.75188 0,-1.2506654 51.7518408 0,-1.250553 51.7518263 0,-1.2505432 51.7518589 0,-1.2497229 51.7517489 0,-1.2497234 51.7517455 0,-1.2497273 51.7517184 0,-1.2497373 51.751681 0,-1.2497457 51.751633 0,-1.2498821 51.7516238 0,-1.2499979 51.7516182 0,-1.2501193 51.7516122 0,-1.2502208 51.7516073 0,-1.2502372 51.7516065 0,-1.2503215 51.7516024 0,-1.250341 51.7516014 0,-1.2504623 51.7515955 0,-1.2508002 51.7515791 0))",https://www.facebook.com/universitycollegeoxford,http://www.univ.ox.ac.uk/
Wadham College,"POLYGON ((-1.2533782 51.7550919 0,-1.2535021 51.7550897 0,-1.2535167 51.7550894 0,-1.2537117 51.7550855 0,-1.2538073 51.7550837 0,-1.2538876 51.7550764 0,-1.2542113 51.7550439 0,-1.2543827 51.7550132 0,-1.2544601 51.7551326 0,-1.2545352 51.755231 0,-1.2546123 51.7553188 0,-1.2546492 51.7553605 0,-1.2547386 51.7554849 0,-1.2548777 51.7556846 0,-1.2549178 51.7557392 0,-1.2550474 51.7559298 0,-1.2550875 51.7559901 0,-1.2550989 51.7560046 0,-1.2551196 51.7560329 0,-1.2551463 51.7560819 0,-1.2553032 51.756338 0,-1.2555112 51.7566809 0,-1.2555363 51.756717 0,-1.2556302 51.7568522 0,-1.2555652 51.7568716 0,-1.2555741 51.7568826 0,-1.2556305 51.7569335 0,-1.255704 51.7570458 0,-1.2552853 51.7571415 0,-1.254195 51.7573952 0,-1.2541592 51.7574025 0,-1.2539136 51.7570342 0,-1.253799 51.7567852 0,-1.2537546 51.7567111 0,-1.2536058 51.7564627 0,-1.2534733 51.7562433 0,-1.2533611 51.7560805 0,-1.2533618 51.7560901 0,-1.2533546 51.7560955 0,-1.2533449 51.7561 0,-1.253073 51.7561517 0,-1.2530346 51.7561381 0,-1.2530009 51.7561353 0,-1.2528453 51.755835 0,-1.2527824 51.7557166 0,-1.2526467 51.7554528 0,-1.2526337 51.7554315 0,-1.2526255 51.7554181 0,-1.2526072 51.7553836 0,-1.2525997 51.7553186 0,-1.252563 51.755243 0,-1.2525579 51.7552219 0,-1.2525541 51.755206 0,-1.2525456 51.755093 0,-1.2526379 51.7550964 0,-1.2527242 51.7550957 0,-1.2528709 51.7550978 0,-1.2530345 51.7550981 0,-1.253036 51.7551083 0,-1.2530532 51.7551076 0,-1.2530592 51.7551789 0,-1.253062 51.7551883 0,-1.2530664 51.7551932 0,-1.2530747 51.7552003 0,-1.2530892 51.7552086 0,-1.2531 51.7552123 0,-1.2531151 51.7552158 0,-1.2531373 51.7552158 0,-1.2531372 51.7551848 0,-1.2532279 51.7551829 0,-1.2533185 51.7551811 0,-1.2533464 51.7551772 0,-1.2533684 51.7551647 0,-1.253373 51.7551477 0,-1.2533711 51.7551241 0,-1.2533697 51.7550917 0,-1.2533782 51.7550919 0))",https://www.facebook.com/wadhamcollege,http://www.wadham.ox.ac.uk/
Wolfson College,"POLYGON ((-1.2564686 51.7714039 0,-1.2561096 51.7714869 0,-1.2560636 51.7715072 0,-1.255962 51.7715588 0,-1.255953 51.7716108 0,-1.2559503 51.7717262 0,-1.2559488 51.7717927 0,-1.2559361 51.7719461 0,-1.2559363 51.7720563 0,-1.2558404 51.7720648 0,-1.2554692 51.7721057 0,-1.255423 51.7732505 0,-1.2539666 51.7732674 0,-1.2541034 51.7722129 0,-1.2527932 51.7722519 0,-1.2525766 51.7714902 0,-1.2525463 51.7713837 0,-1.251623 51.7715146 0,-1.2509106 51.7721254 0,-1.2506445 51.7720351 0,-1.2504564 51.7719902 0,-1.250531 51.7714519 0,-1.2506203 51.7708722 0,-1.2505779 51.7705586 0,-1.2507904 51.7705055 0,-1.2508942 51.7704995 0,-1.2506716 51.770282 0,-1.2503205 51.769609 0,-1.2527977 51.769046 0,-1.2528701 51.7691284 0,-1.2529698 51.7691047 0,-1.2530203 51.7691454 0,-1.2532785 51.7696535 0,-1.2533482 51.7699324 0,-1.2533592 51.7701 0,-1.253682 51.7700292 0,-1.2546909 51.7698079 0,-1.2543898 51.7694059 0,-1.2547562 51.769321 0,-1.2548394 51.7694516 0,-1.2549409 51.7696087 0,-1.2550421 51.7697666 0,-1.2551538 51.7699482 0,-1.2560315 51.7697287 0,-1.2561667 51.7699546 0,-1.2553135 51.7701615 0,-1.2554482 51.7703596 0,-1.2562877 51.7701569 0,-1.2566582 51.7707759 0,-1.2561754 51.770902 0,-1.2562387 51.7710095 0,-1.2566258 51.7709116 0,-1.2566578 51.7709679 0,-1.2565742 51.7709882 0,-1.256722 51.7712211 0,-1.2567854 51.7712057 0,-1.2568944 51.7713775 0,-1.2572741 51.7712883 0,-1.2569758 51.7708187 0,-1.2578542 51.770567 0,-1.2582805 51.7713587 0,-1.2574331 51.7715313 0,-1.2566365 51.7716847 0,-1.2564686 51.7714039 0))",https://www.facebook.com/wolfsoniansworldwide,http://www.wolfson.ox.ac.uk/
Worcester College,"POLYGON ((-1.263245 51.7551936 0,-1.2632545 51.7550797 0,-1.2632092 51.7547439 0,-1.2632185 51.7546389 0,-1.2632194 51.7545695 0,-1.2632933 51.7544627 0,-1.2634811 51.7541033 0,-1.2635844 51.753773 0,-1.2636791 51.7536941 0,-1.2647074 51.7535893 0,-1.2647785 51.7537657 0,-1.2648858 51.7538139 0,-1.2647985 51.7538627 0,-1.2648909 51.7539269 0,-1.265016 51.7539855 0,-1.2654562 51.7541754 0,-1.2659636 51.754387 0,-1.2663085 51.7545405 0,-1.2665137 51.7546335 0,-1.2668189 51.7547785 0,-1.2671012 51.754916 0,-1.2672011 51.7549717 0,-1.2673308 51.7550487 0,-1.2674102 51.7551049 0,-1.2676078 51.7552296 0,-1.2680053 51.7554789 0,-1.2683319 51.7556669 0,-1.2685249 51.7557821 0,-1.2689694 51.7560415 0,-1.2693045 51.7562555 0,-1.2695621 51.75642 0,-1.2696724 51.7565147 0,-1.2697556 51.7566049 0,-1.2698944 51.7567602 0,-1.2699265 51.7568075 0,-1.2698273 51.7568287 0,-1.2698555 51.7568665 0,-1.2699379 51.7568457 0,-1.2700006 51.756937 0,-1.2697512 51.7570056 0,-1.2697055 51.7570181 0,-1.2694297 51.757094 0,-1.269106 51.7572166 0,-1.268919 51.757069 0,-1.2690524 51.7570284 0,-1.2690282 51.7569589 0,-1.2688862 51.756988 0,-1.268837 51.756876 0,-1.2689328 51.7568521 0,-1.2689269 51.7567846 0,-1.2659389 51.7566462 0,-1.2653718 51.7566807 0,-1.2652727 51.7561952 0,-1.2646608 51.7562454 0,-1.2645106 51.7562568 0,-1.2644941 51.7561737 0,-1.2644817 51.7561106 0,-1.2644694 51.7560998 0,-1.2644584 51.7560036 0,-1.2639728 51.7560646 0,-1.2633389 51.7560952 0,-1.2632748 51.7554201 0,-1.263245 51.7551936 0))",NA,http://www.worc.ox.ac.uk/
